{"extrinsics": {"00000.jpg": [[1.0, 0.0, 0.0, -0.0], [0.0, 1.0, 0.0, 0.0], [0.0, 0.0, 1.0, 0.0], [0.0, 0.0, 0.0, 1.0]], "00028.jpg": [[0.9979955375568392, 0.021160891481463072, 0.05964162714367612, -0.890638067557672], [-0.02108048762569696, 0.9997758270066757, -0.0019770621084241693, -0.09871970533147073], [-0.059670093498321065, 0.0007158245787013551, 0.9982178958208845, 0.15394184226863022], [0.0, 0.0, 0.0, 1.0]], "00056.jpg": [[0.9655129043722038, 0.1068202114563264, 0.23743267238351454, -2.3075550797210935], [-0.10687711958786054, 0.9941914942652548, -0.012670992037799778, 0.034074017702413695], [-0.2374070613931982, -0.013142113796705055, 0.9713213536444057, 0.607785285331613], [0.0, 0.0, 0.0, 1.0]], "00084.jpg": [[0.9095680658759944, 0.14927624579428203, 0.3878176581593054, -3.6835442786204995], [-0.16228145212818948, 0.9867441903921622, 0.0007956271000896034, 0.18334421313692692], [-0.3825580528936346, -0.06365928972963292, 0.9217357707051136, 0.7513141923631379], [0.0, 0.0, 0.0, 1.0]], "00113.jpg": [[0.8038111760579412, 0.20762531642603801, 0.5574758481076442, -5.171735954820757], [-0.23430356383656412, 0.9718641566708062, -0.024122623241013573, 0.35789549298198425], [-0.5467992622689196, -0.11122854380747035, 0.8298426223234349, 1.1982215571524915], [0.0, 0.0, 0.0, 1.0]], "00141.jpg": [[0.6680184849158309, 0.25438284181638976, 0.6993144311396522, -6.2239727188444505], [-0.3245396201122948, 0.945266755943282, -0.033834820611777394, 0.5814611341442666], [-0.6696456815272724, -0.2043529542186298, 0.7140129769927108, 1.497554473777591], [0.0, 0.0, 0.0, 1.0]], "00169.jpg": [[0.5767808468079618, 0.28570872340860615, 0.7653067229050814, -6.772540895182142], [-0.36914664355570775, 0.9268931502255231, -0.06782214694744712, 0.6985393286377967], [-0.7287349383054484, -0.24339189270234632, 0.6400826323684496, 1.9092097426306276], [0.0, 0.0, 0.0, 1.0]], "00198.jpg": [[0.3807024830287421, 0.29771679311065047, 0.8754600679160989, -7.033634385328225], [-0.4331522141380504, 0.893874454075297, -0.11561842300816196, 0.9568799984662353], [-0.8169729363957259, -0.3351912460842315, 0.46925691230438493, 2.4941442986424223], [0.0, 0.0, 0.0, 1.0]], "00226.jpg": [[0.19212946132127862, 0.29848157811551496, 0.9348770066795243, -7.5195370531708186], [-0.496002735533058, 0.8515298309650039, -0.16993596829522337, 1.2065867716185852], [-0.8467984154662306, -0.43105184665232976, 0.3116516469738252, 3.077735056843001], [0.0, 0.0, 0.0, 1.0]], "00254.jpg": [[-0.02806240971411955, 0.2998603354209398, 0.9535702807880908, -7.521880448155673], [-0.5132082942211647, 0.8143002515707964, -0.27116848458908355, 1.5800480963492018], [-0.857805192280648, -0.4969898183393489, 0.1310395839560764, 3.7444626607767395], [0.0, 0.0, 0.0, 1.0]], "00283.jpg": [[-0.161989823237757, 0.3062813891705525, 0.9380570386789692, -7.034830917266201], [-0.4909885320002282, 0.7995725899226487, -0.3458524756144572, 1.7047442803995623], [-0.8559728725909842, -0.5165998297445948, 0.020858027140514657, 4.196014651931102], [0.0, 0.0, 0.0, 1.0]], "00311.jpg": [[-0.36489886790997783, 0.27233244919665484, 0.8903279470580309, -6.25005144734301], [-0.4630475967423842, 0.7765300952955875, -0.4273030941279598, 1.7988284264519918], [-0.8077349437464735, -0.5681866314995252, -0.1572520665559085, 4.665582685500381], [0.0, 0.0, 0.0, 1.0]], "00339.jpg": [[-0.4890515687185777, 0.2267234978466323, 0.8422737195580108, -5.412411048735314], [-0.46229125396086734, 0.7514808112118745, -0.47070520168321067, 1.9087638633897572], [-0.7396724678161188, -0.6195748912799253, -0.26270057946316316, 5.046287880553412], [0.0, 0.0, 0.0, 1.0]], "00368.jpg": [[-0.7200020144368078, 0.1399692222307125, 0.6797100234916855, -3.9415228534474935], [-0.4032046141463361, 0.712796066217656, -0.5738883228605884, 2.0200355020180902], [-0.5648213331116687, -0.6872629662747471, -0.45677836731744725, 5.477034629288667], [0.0, 0.0, 0.0, 1.0]], "00396.jpg": [[-0.860092230465024, 0.036585903315356466, 0.5088249470813114, -2.3646543373184183], [-0.3536917990002246, 0.6760025809139014, -0.6464693511046978, 2.1435682715238276], [-0.3676186426362036, -0.7359904770282993, -0.5684844336566937, 5.788530818528488], [0.0, 0.0, 0.0, 1.0]], "00424.jpg": [[-0.9582733256858735, -0.07866716091234507, 0.27481577660848916, -0.5674493155463942], [-0.2573748826621657, 0.6557612993526586, -0.7097431141236591, 2.1496223311284246], [-0.12438007498619806, -0.7508585726122491, -0.648645512495942, 5.782695918253087], [0.0, 0.0, 0.0, 1.0]], "00453.jpg": [[-0.9817644699363575, -0.18566910871074963, 0.040810631471937836, 1.4131454197068725], [-0.15539183482266153, 0.6601340024080844, -0.7348989566839307, 2.1256322818191755], [0.10950754878559357, -0.7278393235702775, -0.6769475724335907, 5.73279532043172], [0.0, 0.0, 0.0, 1.0]], "00481.jpg": [[-0.9305372903091103, -0.25885104519631646, -0.2590298973959442, 2.8662280225642847], [-0.00664811015439476, 0.7191756762269714, -0.6947964805285455, 1.9529004629210251], [0.3661367968062673, -0.6448119750161693, -0.6709406552745136, 5.455068873307931], [0.0, 0.0, 0.0, 1.0]], "00509.jpg": [[-0.8054923229742028, -0.29381573657841814, -0.5146400980962366, 3.7602122199410255], [0.15455743037168435, 0.7342205612437762, -0.6610840855471989, 1.793231541639068], [0.5720962491980911, -0.6120396068766758, -0.5459976202033481, 5.0400390812899944], [0.0, 0.0, 0.0, 1.0]], "00538.jpg": [[-0.5943487406442538, -0.32442211626260187, -0.7358667440333775, 5.113348083741602], [0.26474625593131684, 0.785086928850797, -0.5599535106756393, 1.6348835562585928], [0.7593806650586643, -0.5276256292366002, -0.3807258868368979, 4.630401639547041], [0.0, 0.0, 0.0, 1.0]], "00566.jpg": [[-0.44280609827988493, -0.33300158877745134, -0.8324858564551341, 5.09727257485889], [0.34422382612862235, 0.7941865753538855, -0.5007770372661264, 1.3358540884996766], [0.8279086404015341, -0.5083085926869233, -0.23704357774283347, 4.100936542190554], [0.0, 0.0, 0.0, 1.0]], "00585.jpg": [[-0.32226159127753906, -0.34606769184898706, -0.8811269031448212, 5.1984043078882305], [0.39281665771921276, 0.7979807972228941, -0.45707955618450186, 1.2454033696796256], [0.8613028156261742, -0.49342051023627803, -0.12121740746524767, 3.9378929224574786], [0.0, 0.0, 0.0, 1.0]], "00607.jpg": [[-0.10973209349979185, -0.33481248176673545, -0.9358736398196885, 4.668313464105911], [0.3933478501413891, 0.8500664073189207, -0.35023502385833716, 1.0706505486777345], [0.912817800245646, -0.40655590661199625, 0.03841820341449642, 3.4614991870387235], [0.0, 0.0, 0.0, 1.0]], "00651.jpg": [[0.3791376649535352, -0.24242852113412727, -0.893019060913204, 4.219297944604182], [0.4026082821837944, 0.9121539235815187, -0.07669283416235859, 0.9175603078238106], [0.8331633706126278, -0.3304597280086651, 0.443435639111071, 2.92747657850396], [0.0, 0.0, 0.0, 1.0]], "00679.jpg": [[0.5635107363935691, -0.15619760430790702, -0.8112077159258583, 3.231980264050935], [0.358895478813587, 0.9307420133975546, 0.07009521940783423, 0.8674599497088203], [0.744076397459524, -0.33063819033066466, 0.5805417313497105, 2.674383409907714], [0.0, 0.0, 0.0, 1.0]], "00708.jpg": [[0.7487313698789044, -0.061174123777704245, -0.6600447426798348, 2.320065492668227], [0.2698724251162453, 0.9376060000032207, 0.21923472106360606, 0.8411610048721035], [0.6054504190444794, -0.3422757884192084, 0.7185242339273419, 2.369005423365691], [0.0, 0.0, 0.0, 1.0]], "00736.jpg": [[0.855935901207762, -0.009439603067050772, -0.5169957706960404, 1.1485523579188626], [0.19129970430928553, 0.9346736423498029, 0.29964913720505304, 0.8676497240040127], [0.4803937511613116, -0.3553815923630391, 0.8018265196753438, 2.1056427771423847], [0.0, 0.0, 0.0, 1.0]], "00764.jpg": [[0.9358574615598548, 0.08527793531271546, -0.3419042049924879, 0.09649941597483772], [0.05616906108331868, 0.9217674438181683, 0.383653249815427, 0.8191624648858127], [0.34787332208688165, -0.37824919466632084, 0.8578529585625478, 2.307940386356311], [0.0, 0.0, 0.0, 1.0]],